row,created_at,ticker,headline,day_change_pct,momentum,momentum_conviction,value,value_conviction,risk,risk_conviction,weighted_committee_score,weighted_implied_action,pm_action,sentiment,confidence,risk_should_trade,execution_submitted,risk_gate_reason,verdict,severity_score,flags,pm_reasoning
1,2026-05-12 01:38:18.772728+00,PLUG,"Plug Power, AST SpaceMobile, Quantum Computing Inc., Rigetti, And GameStop: Why These 5 Stocks Are On Investors' Radars Today",12.48,BULLISH,0.85,BEARISH,0.35,BEARISH,0.7,-0.2,HOLD,HOLD,-0.5,0.42,False,False,Portfolio Manager chose HOLD.,High priority review,5,broad_watchlist_or_trending_headline; value_analyst_used_technical_or_unsourced_market_claims; risk_manager_generic_macro_or_regulatory_risk,"The momentum trader’s high‑conviction bullish view is outweighed by the value investor and risk manager’s bearish arguments on fundamentals and policy risk, but the strong bullish dissent drags confidence lower, so we stay on the sidelines."
2,2026-05-11 22:48:16.340624+00,FTAI,Here's How Much $100 Invested In FTAI Aviation 10 Years Ago Would Be Worth Today,3.78,BULLISH,0.7,BEARISH,0.82,BEARISH,0.88,-1.0,SELL,HOLD,-0.3,0.65,False,False,Portfolio Manager chose HOLD.,High priority review,6,historical_return_article_not_trade_news; value_analyst_used_technical_or_unsourced_market_claims; risk_manager_generic_macro_or_regulatory_risk,"The committee split between short-term momentum optimism (value investor) and regulatory/macro risks (risk manager). The value investor’s bearishness (0.82) and risk manager’s high-conviction bearish warning (0.88) dominate the momentum trader’s lower-conviction bullish take (0.70). Regulatory shifts and currency risks outweigh retail-driven narratives, suggesting a HOLD until clarity on earnings/regulatory guidance emerges."
3,2026-05-11 22:45:12.212534+00,MARA,"UPDATE: Marathon Digital Holdings Q1 Adj. EPS $(0.61) Beats $(2.15) Estimate, Sales $174.614M Miss $179.152M Estimate",3.51,BULLISH,0.78,BEARISH,0.62,BEARISH,0.85,-0.69,HOLD,SELL,-0.32,0.58,False,False,Directional sentiment did not clear the configured threshold.,Review,4,pm_directional_but_risk_gate_blocked; value_analyst_used_technical_or_unsourced_market_claims; risk_manager_generic_macro_or_regulatory_risk,"The committee is split, with the momentum trader citing the EPS beat as a short‑term catalyst, while the value investor and high‑conviction risk manager warn of persistent losses, a revenue miss, and regulatory/macroeconomic headwinds; the bearish side outweighs the bullish view, leading to a sell recommendation."
4,2026-05-11 22:05:14.7688+00,MYPS,PLAYSTUDIOS Says Co Is Not Providing Formal Financial Guidance At This Time,11.28,NEUTRAL,0.8,NEUTRAL,0.6,BEARISH,0.7,-0.7,HOLD,HOLD,0.03,0.63,False,False,Portfolio Manager chose HOLD.,Minor concern,1,risk_manager_generic_macro_or_regulatory_risk,"The committee debate highlights a key tension between the neutral stance of the Momentum Trader and Value Investor, and the bearish outlook of the Risk Manager. While the Momentum Trader and Value Investor see the lack of formal financial guidance as neutral to slightly positive, the Risk Manager warns of potential tail risks and regulatory uncertainties. Weighing the conviction scores, the Risk Manager's dissenting view with a conviction of 0.70 brings down the overall confidence. Given the mixed views and moderate conviction levels, a cautious approach is warranted."
5,2026-05-11 22:05:12.18926+00,TSX:DCM,"DATA Comms Mgmt Q1 Adj. EPS $0.10 Beats $0.07 Estimate, Sales $117.443M Miss $118.200M Estimate",,BULLISH,0.65,NEUTRAL,0.8,BEARISH,0.9,-0.25,HOLD,HOLD,-0.2,0.58,False,False,Portfolio Manager chose HOLD.,Minor concern,1,risk_manager_generic_macro_or_regulatory_risk,"The committee debate highlights a key tension between the near-term momentum advantage from the EPS beat and concerns over the sales miss, regulatory risks, and the need for a more in-depth fundamental analysis. While the Momentum Trader is bullish with a relatively low conviction of 0.65, the Risk Manager presents a high-conviction bearish case of 0.90, citing regulatory risks that could derail the company's financial performance. The Value Investor's neutral stance with a high conviction of 0.80 adds weight to the cautious side, emphasizing the need for a detailed analysis of the company's financial health."
6,2026-05-11 22:00:57.172631+00,CSGS,"CSG Systems International And NEC Corporation Receive CFIUS Clearance For Merger On May 7, 2026",-0.02,BULLISH,0.82,BEARISH,0.65,BEARISH,0.7,-0.53,HOLD,HOLD,0.0,0.4,False,False,Portfolio Manager chose HOLD.,Minor concern,2,value_analyst_used_technical_or_unsourced_market_claims; risk_manager_generic_macro_or_regulatory_risk,"The committee is split between a high-conviction bullish Momentum Trader (0.82) advocating for a merger-driven breakout to $85 and two bearish dissenters emphasizing fundamental and systemic risks. While CFIUS clearance eliminates a key regulatory hurdle, the Risk Manager’s macro-level concerns (geopolitical tensions, rate sensitivity) and the Value Investor’s skepticism about fair valuation meaningfully lower confidence. The high-conviction dissenter tips the balance toward caution, but not decisively to bearish, given uneven conviction scores."
7,2026-05-11 21:50:10.489969+00,BIOX,"Bioceres Crop Solutions Q3 EPS $(0.16) Misses $(0.05) Estimate, Sales $39.400M Miss $54.500M Estimate",15.03,BEARISH,0.85,BEARISH,0.92,BEARISH,0.98,-2.75,SELL,SELL,-0.9,0.92,True,True,Signal passed configured sentiment and confidence gates.,Minor concern,2,value_analyst_used_technical_or_unsourced_market_claims; risk_manager_generic_macro_or_regulatory_risk,"The committee debate highlights a unanimous bearish stance on BIOX, with all analysts citing significant concerns over the company's Q3 earnings miss and sales underperformance. The key tension lies in the balance between the immediate fundamental risks (earnings miss, sales shortfall) and potential systemic risks (global food crisis, regulatory changes). High-conviction dissenters are absent, as all analysts share a bearish outlook, with the Risk Manager displaying the highest conviction score of 0.98."
8,2026-05-11 21:45:13.643203+00,SATL,"Satellogic Q1 EPS $(0.84) Misses $(0.08) Estimate, Sales $6.107M Beat $5.273M Estimate",15.23,BEARISH,0.8,BEARISH,0.9,BEARISH,0.95,-2.65,SELL,SELL,-0.8,0.85,False,False,Confidence did not clear the configured threshold.,Review,3,pm_directional_but_risk_gate_blocked; risk_manager_generic_macro_or_regulatory_risk,"The committee debate highlights a key tension between the immediate impact of Satellogic's Q1 EPS miss and the potential long-term risks associated with geopolitical tensions. All three analysts are bearish, with high conviction scores, particularly the Risk Manager at 0.95. The consensus is that the EPS miss and potential regulatory risks outweigh the positive sales beat, suggesting a cautious approach."
9,2026-05-11 21:45:11.213462+00,SMCI,"Super Micro Computer Reiterates Its Fiscal Year 2026 Business Outlook As Previously Stated On May 5, 2026",-5.26,BEARISH,0.75,NEUTRAL,0.6,BEARISH,0.8,-1.55,SELL,SELL,-0.583,0.7167,False,False,Directional sentiment did not clear the configured threshold.,Review,4,pm_directional_but_risk_gate_blocked; value_analyst_used_technical_or_unsourced_market_claims; risk_manager_generic_macro_or_regulatory_risk,"The committee debate highlights a key tension between the bearish views, driven by the lack of upside surprise in SMCI's reiterated FY2026 guidance, and a neutral perspective focusing on long-term fundamentals. High-conviction dissenters, particularly the Risk Manager at 0.80 conviction, significantly weigh on the overall sentiment."
10,2026-05-11 21:40:16.534021+00,STRR,"Star Equity Hldgs Q1 Adj. EPS $(0.99) Misses $(0.67) Estimate, Sales $50.061M Beat $17.850M Estimate",-6.16,BEARISH,0.8,BEARISH,0.9,NEUTRAL,0.7,-1.7,SELL,HOLD,-0.8,0.78,False,False,Portfolio Manager chose HOLD.,Review,4,pm_action_differs_from_weighted_committee_SELL; risk_manager_generic_macro_or_regulatory_risk; high_confidence_hold,"The committee debate highlights a key tension between the bearish views of the Momentum Trader and Value Investor, who emphasize the significant EPS miss as a negative catalyst, and the Risk Manager's neutral stance, which cautions against overlooking potential short squeeze risks or sector-specific regulatory changes. The Value Investor's high conviction score of 0.90 and the Momentum Trader's score of 0.80 both weigh heavily on the bearish side, but the Risk Manager's dissenting view with a conviction score of 0.70 introduces uncertainty. Given the bearish consensus but with consideration of the dissenting view, a cautious approach is warranted."
11,2026-05-11 21:40:13.849356+00,BMO,"BMO Financial Group Signs A Definitive Agreement With Stonepeak For The Sale of BMO's Transportation Finance And Vendor Finance Businesses, Including Related Loan Portfolios In The U.S. And Canada; Co To Invest About 19.9% Equity Interest In New Entity; Transaction Is Not Expected To Have A Significant Impact On The Bank's Future Run Rate Earnings",0.12,NEUTRAL,0.8,NEUTRAL,0.9,BEARISH,0.7,-0.7,HOLD,HOLD,0.1,0.65,False,False,Portfolio Manager chose HOLD.,Minor concern,1,risk_manager_generic_macro_or_regulatory_risk,"The committee debate on BMO's strategic divestiture and partial investment in a new entity reveals a nuanced outlook. While two analysts take a neutral stance with high conviction scores (0.80 and 0.90), a risk manager expresses bearish concerns with a slightly lower conviction score (0.70). The key tension lies in balancing the neutral earnings impact with potential risks from economic downturns and regulatory changes. Given the high-conviction dissent from the risk manager, we adjust our confidence downward."
12,2026-05-11 21:40:10.487879+00,AKTS,"Aktis Oncology Q1 EPS $(0.38) Beats $(0.44) Estimate, Sales $3.227M Beat $1.750M Estimate",-1.88,BULLISH,0.85,NEUTRAL,0.65,BEARISH,0.75,0.1,HOLD,HOLD,0.05,0.58,False,False,Portfolio Manager chose HOLD.,Minor concern,2,value_analyst_used_technical_or_unsourced_market_claims; risk_manager_generic_macro_or_regulatory_risk,"The committee debate highlights a key tension between short-term momentum and long-term fundamental concerns. While the Momentum Trader sees a breakout catalyst in the earnings and sales beats, the Value Investor and Risk Manager express concerns about the lack of path to profitability and significant clinical trial risks. The high-conviction dissenters, particularly the Risk Manager at 0.75 and Momentum Trader at 0.85, weigh heavily on the confidence score, leading to a neutral stance."
13,2026-05-11 21:35:39.058563+00,EXOD,"Exodus Movement Q1 EPS $(1.08) Misses $(0.08) Estimate, Sales $22.747M Miss $24.000M Estimate",-5.16,BEARISH,0.8,BEARISH,0.9,NEUTRAL,0.7,-1.7,SELL,SELL,-0.8,0.78,False,False,Confidence did not clear the configured threshold.,Review,3,pm_directional_but_risk_gate_blocked; risk_manager_generic_macro_or_regulatory_risk,"The committee debate highlights a clear bearish consensus, with two analysts presenting strong bearish arguments and one analyst presenting a more neutral view. The key tension lies in the potential for a short squeeze or unexpected regulatory developments to challenge the current bearish expectations. However, the high conviction scores of the momentum trader (0.80) and value investor (0.90) suggest a strong negative sentiment, which outweighs the neutral view of the risk manager (0.70)."
14,2026-05-11 21:35:36.506389+00,AMTM,Amentum Holdings Affirms FY2026 Adj EPS Guidance of $2.25-$2.45 vs $2.41 Est; Affirms FY2026 Sales Guidance of $13.950B-$14.300B vs $14.122B Est,-2.28,NEUTRAL,0.8,NEUTRAL,0.9,BEARISH,0.7,-0.7,HOLD,HOLD,0.03,0.65,False,False,Portfolio Manager chose HOLD.,Minor concern,2,value_analyst_used_technical_or_unsourced_market_claims; risk_manager_generic_macro_or_regulatory_risk,"The committee debate highlights a key tension between the neutral to slightly positive views of the momentum trader and value investor, and the bearish perspective of the risk manager. While two analysts view the guidance affirmation as a sign of stability, the risk manager raises concerns about potential geopolitical and regulatory risks. Given the mixed views, with a high-conviction dissenter (none in this case above 0.8) and a generally neutral to slightly positive sentiment, the final trade decision leans towards holding the stock."
15,2026-05-11 21:31:04.731154+00,ITRG,"Integra Resources Q1 Adj. EPS $0.07 Misses $0.09 Estimate, Sales $61.724M Beat $59.880M Estimate",0.69,BEARISH,0.8,NEUTRAL,0.6,BEARISH,0.9,-1.7,SELL,HOLD,-0.3,0.56,False,False,Portfolio Manager chose HOLD.,Review,4,pm_action_differs_from_weighted_committee_SELL; value_analyst_used_technical_or_unsourced_market_claims; risk_manager_generic_macro_or_regulatory_risk,"The committee debate highlights a key tension between near-term earnings performance and long-term growth prospects. While the momentum trader and risk manager express bearish views with high conviction scores of 0.80 and 0.90, respectively, the value investor's neutral stance with a conviction score of 0.60 suggests that the situation requires closer examination. The EPS miss and potential macroeconomic risks are concerning, but the sales beat indicates potential for growth."
16,2026-05-11 21:31:02.435737+00,ERAS,Erasca Q1 EPS $(0.60) Misses $(0.22) Estimate,3.26,BEARISH,0.8,NEUTRAL,0.4,BEARISH,0.9,-1.7,SELL,HOLD,-0.5,0.65,False,False,Portfolio Manager chose HOLD.,Review,3,pm_action_differs_from_weighted_committee_SELL; risk_manager_generic_macro_or_regulatory_risk,"The committee debate highlights a key tension between short-term momentum and long-term fundamental analysis. While the Momentum Trader and Risk Manager express bearish views with high conviction scores of 0.80 and 0.90, respectively, the Value Investor presents a more neutral perspective with a lower conviction score of 0.40. The high-conviction dissenters, particularly the Risk Manager, raise concerns about potential tail risks associated with Erasca's pipeline or regulatory environment. However, the Value Investor's cautious approach tempers the bearish views, suggesting that a one-quarter EPS miss should not necessarily imply a sharp downside continuation without evaluating the company's long-term growth prospects."
17,2026-05-11 21:30:59.096094+00,SKYX,"CORRECTION: SKYX Platforms Q1 EPS $(0.07), Inline, Sales $22.000M Beat $21.767M Estimate",-12.04,BEARISH,0.85,BEARISH,0.8,BEARISH,0.9,-2.55,SELL,SELL,-0.9,0.85,False,False,Confidence did not clear the configured threshold.,Review,3,pm_directional_but_risk_gate_blocked; risk_manager_generic_macro_or_regulatory_risk,"The committee debate reveals a consensus bearish view on SKYX, with all three analysts holding a bearish stance. The key tension lies in the balance between the immediate financials and potential regulatory risks. High-conviction dissent is absent, as all analysts agree on the bearish outlook, with the Risk Manager's conviction score of 0.90 being the highest. Given the unanimous bearish view and the significant price drop of -12.04%, I conclude that the downside momentum is likely to continue."
18,2026-05-11 21:28:06.05229+00,MVST,Microvast Stock Crashes After Q1 Earnings — What You Need To Know,-6.29,BEARISH,0.85,BEARISH,0.7,NEUTRAL,0.8,-1.55,SELL,SELL,-0.8,0.78,False,False,Confidence did not clear the configured threshold.,Review,3,pm_directional_but_risk_gate_blocked; risk_manager_generic_macro_or_regulatory_risk,"The committee debate highlights a key tension between the immediate bearish reaction to the Q1 earnings miss and the potential for long-term resilience. While the Momentum Trader and Value Investor cite technical and fundamental reasons for further downside, the Risk Manager introduces a neutral perspective cautioning about overlooked risks such as supply chain disruptions. With conviction scores of 0.85, 0.70, and 0.80 respectively, the high-conviction dissenter (Momentum Trader) tips the scales towards a cautious stance."
19,2026-05-11 21:23:03.363835+00,GPRO,GoPro Stock Soars On Strategic Review: What Investors Need To Know About Potential Merger Or Sale,-2.9,BULLISH,0.8,NEUTRAL,0.6,BEARISH,0.7,0.1,HOLD,HOLD,0.23,0.63,False,False,Portfolio Manager chose HOLD.,Minor concern,2,value_analyst_used_technical_or_unsourced_market_claims; risk_manager_generic_macro_or_regulatory_risk,"The committee debate on GoPro's strategic review and Q1 financials announcement highlights a key tension between the potential for short-term momentum and long-term viability concerns. While the momentum trader is bullish with a conviction score of 0.80, the value investor is neutral at 0.60, and the risk manager is bearish with a conviction score of 0.70. Weighing these scores, I acknowledge the bullish breakout potential but also consider the risks associated with a failed strategic review or regulatory hurdles."
20,2026-05-11 21:20:40.848427+00,PRSO,"CORRECTION: Peraso Q1 Adj. EPS $(0.20) Misses $(0.18) Estimate, Sales $963.000K Miss $975.000K Estimate",38.5,BEARISH,0.8,NEUTRAL,0.4,BEARISH,0.9,-1.7,SELL,SELL,-0.6,0.65,False,False,Directional sentiment did not clear the configured threshold.,Minor concern,2,pm_directional_but_risk_gate_blocked,"The committee debate highlights a key tension between the immediate negative impact of the earnings miss and the potential for a liquidity-driven downside move. While the Value Investor sees the earnings miss as not sufficient to alter their long-term thesis, the Momentum Trader and Risk Manager are more bearish, with the Risk Manager expressing high conviction (0.90) about the potential for a sharp decline due to liquidity risks. Weighing the high-conviction dissent of the Risk Manager, I lean towards a cautious approach."
21,2026-05-11 21:20:38.083924+00,SMTI,Sanara MedTech Affirms FY2026 Sales Guidance of $116.000M-$121.000M vs $117.300M Est,-1.56,BEARISH,0.8,NEUTRAL,0.6,BEARISH,0.9,-1.7,SELL,HOLD,-0.3,0.63,False,False,Portfolio Manager chose HOLD.,Review,3,pm_action_differs_from_weighted_committee_SELL; risk_manager_generic_macro_or_regulatory_risk,"The committee debate highlights a key tension between the perceived stability of Sanara MedTech's affirmed FY2026 sales guidance and the potential risks associated with changes in healthcare policy or reimbursement rates. While the guidance affirmation aligns with market expectations, high-conviction dissenters, particularly the Risk Manager with a conviction score of 0.90, raise significant concerns about overlooked risks that could impact the company's financials. Weighing the bearish views of the Momentum Trader and Risk Manager, who together present a compelling case for caution, I decide to adopt a cautious stance."
22,2026-05-11 21:20:35.172554+00,BMEA,Biomea Fusion Q1 EPS $(0.17) Beats $(0.24) Estimate,0.97,BULLISH,0.78,NEUTRAL,0.45,BEARISH,0.82,-0.04,HOLD,HOLD,0.12,0.63,False,False,Portfolio Manager chose HOLD.,Minor concern,2,value_analyst_used_technical_or_unsourced_market_claims; risk_manager_generic_macro_or_regulatory_risk,"The committee debate highlights a key tension between short-term momentum and long-term financial risks. While the momentum trader (conviction=0.78) and value investor (conviction=0.45) see the EPS beat as a positive, the risk manager (conviction=0.82) warns of underlying financial risks and potential tail events. Given the high conviction scores of the bullish momentum trader and bearish risk manager, their views weigh heavily in the decision. The value investor's neutral stance is less impactful due to a lower conviction score. The debate suggests a cautious approach, as the short-term momentum may be countered by significant long-term risks."
23,2026-05-11 21:16:35.430527+00,LGL,"LGL Group Q1 EPS $(0.10), Sales $1.085M Beat $1.000M Estimate",-0.55,BULLISH,0.8,NEUTRAL,0.6,BEARISH,0.4,0.4,HOLD,HOLD,0.23,0.57,False,False,Portfolio Manager chose HOLD.,Minor concern,2,value_analyst_used_technical_or_unsourced_market_claims; risk_manager_generic_macro_or_regulatory_risk,"The committee debate highlights a key tension between short-term momentum and long-term fundamental concerns. While the Momentum Trader is bullish with a conviction score of 0.80, citing the potential for a breakout above recent highs, the Value Investor is neutral with a conviction score of 0.60, expressing concerns about the company's profitability and competitive position. The Risk Manager is bearish with a conviction score of 0.40, warning about potential risks associated with liquidity and financial health. Weighing these perspectives, I conclude that the earnings beat is a positive step, but the company's long-term fundamentals still need validation."
24,2026-05-11 21:16:31.946789+00,SMTI,"Sanara MedTech Q1 EPS $0.05 Beats $(0.04) Estimate, Sales $27.799M Beat $26.800M Estimate",-1.56,BULLISH,0.9,NEUTRAL,0.6,BEARISH,0.8,0.1,HOLD,HOLD,0.23,0.63,False,False,Portfolio Manager chose HOLD.,Minor concern,1,risk_manager_generic_macro_or_regulatory_risk,"The committee debate highlights a key tension between the short-term momentum and potential long-term risks in SMTI's stock. While the momentum trader and value investor focus on the positive Q1 earnings and sales beats, the risk manager emphasizes the potential regulatory and product liability risks inherent in the MedTech sector. Weighing the conviction scores, the high-conviction bullish momentum trader (0.90) and bearish risk manager (0.80) offset each other, while the neutral value investor (0.60) provides a more balanced perspective. Given this split, a cautious approach is warranted."
25,2026-05-11 21:16:29.343628+00,LIF,"Life360 Q1 EPS $0.03 Beats $(0.01) Estimate, Sales $143.123M Beat $137.311M Estimate",-1.76,BULLISH,0.8,NEUTRAL,0.4,BEARISH,0.6,0.2,HOLD,HOLD,0.23,0.53,False,False,Portfolio Manager chose HOLD.,Minor concern,2,value_analyst_used_technical_or_unsourced_market_claims; risk_manager_generic_macro_or_regulatory_risk,"The committee debate highlights a key tension between short-term momentum and long-term risks. While the momentum trader is bullish with a conviction of 0.80, the value investor is neutral with a conviction of 0.40, and the risk manager is bearish with a conviction of 0.60. The earnings beat is a positive, but concerns about sustainability, regulatory risks, and competition weigh on the stock. Given the mixed views, I will exercise caution and hold the stock."
26,2026-05-11 21:16:26.925582+00,OVV,"Ovintiv Q1 Adj. EPS $2.00 Beats $1.83 Estimate, Sales $2.532B Beat $2.430B Estimate",2.23,BULLISH,0.8,BULLISH,0.6,BEARISH,0.4,1.0,BUY,HOLD,0.33,0.58,False,False,Portfolio Manager chose HOLD.,Minor concern,2,value_analyst_used_technical_or_unsourced_market_claims; risk_manager_generic_macro_or_regulatory_risk,"The committee debate on Ovintiv (OVV) highlights a key tension between the potential for sustained upward momentum driven by the earnings beat and the risks associated with commodity price volatility and regulatory changes. While two analysts are bullish, with the momentum trader showing high conviction (0.80), the risk manager presents a significant dissenting view, albeit with a lower conviction score (0.40). The bullish sentiment is tempered by the need to assess earnings quality and balance sheet strength. Given the mixed views, a cautious approach is warranted."
27,2026-05-11 21:16:23.523066+00,DAC,"Danaos Q1 Adj. EPS $6.72 Beats $6.69 Estimate, Sales $253.698M Beat $251.488M Estimate",-0.81,BEARISH,0.75,BULLISH,0.8,NEUTRAL,0.85,0.05,HOLD,HOLD,0.22,0.65,False,False,Portfolio Manager chose HOLD.,Minor concern,2,value_analyst_used_technical_or_unsourced_market_claims; risk_manager_generic_macro_or_regulatory_risk,"The committee debate highlights a key tension between short-term momentum and long-term fundamental analysis. While the momentum trader (BEARISH, 0.75) and risk manager (NEUTRAL, 0.85) express concerns about negative price action and global economic risks, the value investor (BULLISH, 0.80) emphasizes Danaos' strong Q1 fundamentals and balance sheet strength. The high-conviction dissenter, risk manager, and value investor suggest a nuanced view, leading to a moderate bullish sentiment and a confidence level that reflects the debate's split nature."
28,2026-05-11 21:10:43.400805+00,DPRO,"Draganfly Q1 EPS $(0.12) Misses $(0.10) Estimate, Sales $1.686M Miss $1.810M Estimate",1.28,BEARISH,0.8,NEUTRAL,0.6,BEARISH,0.9,-1.7,SELL,HOLD,-0.5,0.65,False,False,Portfolio Manager chose HOLD.,Review,3,pm_action_differs_from_weighted_committee_SELL; risk_manager_generic_macro_or_regulatory_risk,"The committee debate highlights a key tension between short-term fundamental weakness and potential long-term resilience. While the momentum trader and risk manager express bearish views with high conviction scores (0.80 and 0.90, respectively), the value investor presents a more neutral perspective, emphasizing the need for a thorough assessment of the company's fundamentals. Weighing these views, I conclude that the bearish arguments outweigh the bullish ones, but the neutral perspective tempers the downside."
29,2026-05-11 21:10:40.482989+00,UEIC,Universal Electronics Affirms FY2026 Adj EPS Guidance of $0.45-$0.65 vs $0.35 Est.,-0.46,BULLISH,0.8,NEUTRAL,0.6,BEARISH,0.7,0.1,HOLD,HOLD,0.23,0.63,False,False,Portfolio Manager chose HOLD.,Minor concern,2,value_analyst_used_technical_or_unsourced_market_claims; risk_manager_generic_macro_or_regulatory_risk,"The committee debate on UEIC's affirmation of its FY2026 EPS guidance reveals a mixed outlook. While the Momentum Trader sees this as a bullish catalyst, the Value Investor remains neutral, citing the need for further details on earnings quality. The Risk Manager highlights potential tail risks. The key tension lies in balancing the potential for upward momentum against possible risks. With conviction scores of 0.80, 0.60, and 0.70, the weighted sentiment leans slightly bullish but with moderate confidence due to the split views."
30,2026-05-11 21:10:37.605935+00,BZFD,"BuzzFeed Q1 EPS $(0.40) Misses $(0.27) Estimate, Sales $31.572M Miss $35.079M Estimate",-12.22,BEARISH,0.9,BEARISH,0.8,NEUTRAL,0.6,-1.7,SELL,SELL,-0.87,0.78,False,False,Confidence did not clear the configured threshold.,Minor concern,2,pm_directional_but_risk_gate_blocked,"The committee debate highlights a strong bearish consensus, with the momentum trader and value investor presenting compelling arguments for a continued downtrend in BZFD. However, the risk manager's dissenting view introduces a key tension, suggesting that a short squeeze or market manipulation event could lead to a sudden price increase. Despite this, the high conviction scores of the bearish analysts (0.90 and 0.80) weigh heavily on the decision, leading to a cautious approach."
31,2026-05-11 21:10:34.64788+00,COOK,Traeger Affirms FY2026 Sales Guidance of $465.000M-$485.000M vs $472.684M Est,-5.42,BULLISH,0.66,BEARISH,0.78,BEARISH,0.92,-1.04,SELL,HOLD,-0.24,0.58,False,False,Portfolio Manager chose HOLD.,Review,4,pm_action_differs_from_weighted_committee_SELL; value_analyst_used_technical_or_unsourced_market_claims; risk_manager_generic_macro_or_regulatory_risk,"The committee debate highlights a key tension between short-term momentum and long-term fundamental concerns. While the momentum trader sees a potential rebound due to reaffirmed guidance, high-conviction dissenters (Value Investor and Risk Manager) express significant concerns about operational uncertainty, valuation, and potential recessionary impacts. The bearish views, particularly from the Risk Manager with a conviction of 0.92, suggest that the reaffirmed guidance may not be sufficient to outweigh deeper fundamental challenges."
32,2026-05-11 21:05:46.670868+00,TSX:KNT,"K92 Mining Q1 EPS $0.48 Misses $0.57 Estimate, Sales $236.280M Miss $314.688M Estimate",,BEARISH,0.8,NEUTRAL,0.4,BEARISH,0.9,-1.7,SELL,SELL,-0.6,0.7,False,False,Directional sentiment did not clear the configured threshold.,Minor concern,2,pm_directional_but_risk_gate_blocked,"The committee debate highlights a key tension between short-term price reaction and long-term fundamental analysis. While the momentum trader and risk manager express bearish views with high conviction scores (0.80 and 0.90, respectively), the value investor presents a more neutral stance with a lower conviction score (0.40). The earnings miss and potential commodity price risks weigh heavily on the committee's sentiment, leading to a slightly bearish consensus."
33,2026-05-11 21:05:44.416639+00,TSX:EIF,"Exchange Income Q1 Adj. EPS $0.61 Beats $0.37 Estimate, Sales $866.583M Beat $818.893M Estimate",,BULLISH,0.9,BULLISH,0.8,BEARISH,0.6,1.1,BUY,BUY,0.33,0.78,False,False,Directional sentiment did not clear the configured threshold.,Review,3,pm_directional_but_risk_gate_blocked; risk_manager_generic_macro_or_regulatory_risk,"The committee debate on TSX:EIF is split, with two bullish analysts and one bearish analyst. The key tension lies in balancing the strong earnings report's potential to drive short-term momentum against the risk of rising interest rates impacting long-term sustainability. The momentum trader and value investor both see the earnings beat as a positive indicator, while the risk manager highlights potential risks associated with debt levels and interest rate exposure."
34,2026-05-11 21:05:41.333189+00,TPG,Millennium Management Cuts Share Stake In TPG To 4.3% As Of March 31 From A Stake Of 6.2% As Of March 2,-2.31,BEARISH,0.8,NEUTRAL,0.4,BEARISH,0.9,-1.7,SELL,SELL,-0.7,0.65,False,False,Directional sentiment did not clear the configured threshold.,Review,4,pm_directional_but_risk_gate_blocked; value_analyst_used_technical_or_unsourced_market_claims; risk_manager_generic_macro_or_regulatory_risk,"The committee debate highlights a key tension between the immediate implications of a significant investor reducing its stake in TPG and the potential long-term fundamentals of the company. While the Momentum Trader and Risk Manager express bearish views with high conviction scores of 0.80 and 0.90, respectively, the Value Investor presents a neutral perspective with a lower conviction score of 0.40. The high-conviction dissenters, particularly the Risk Manager, suggest that TPG's stock may be vulnerable to systemic risks in private equity and venture capital markets, which cannot be ignored."
35,2026-05-11 21:05:38.919749+00,PANL,"Pangaea Logistics Solns Q1 Adj. EPS $0.21 Beats $0.11 Estimate, Sales $170.580M Beat $168.177M Estimate",-1.66,BULLISH,0.8,BULLISH,0.6,BEARISH,0.4,1.0,BUY,HOLD,0.33,0.58,False,False,Portfolio Manager chose HOLD.,Minor concern,1,risk_manager_generic_macro_or_regulatory_risk,"The committee debate reveals a tension between bullish analysts citing the earnings beat and sales growth as a positive catalyst for PANL, and a bearish risk manager warning of potential global economic downturn and trade tensions. While the momentum trader and value investor are bullish, their conviction scores are not high enough to outweigh the risk manager's concerns. The high-conviction dissenter (momentum trader at 0.80) suggests a potential for a momentum-driven bounce, but the bearish risk manager's concerns about global economic risks lower my overall confidence."
36,2026-05-11 21:05:36.435435+00,TUYA,"Tuya Q1 Adj. EPS $0.03, Inline, Sales $80.882M Beat $80.669M Estimate",0.0,NEUTRAL,0.6,BEARISH,0.8,BEARISH,0.9,-1.7,SELL,HOLD,-0.2,0.6,False,False,Portfolio Manager chose HOLD.,Review,3,pm_action_differs_from_weighted_committee_SELL; risk_manager_generic_macro_or_regulatory_risk,"The committee debate highlights a key tension between the momentum trader's neutral view and the bearish perspectives of the value investor and risk manager. While the earnings report was largely inline with expectations, high-conviction dissenters raise concerns about Tuya's valuation and potential tail risks, particularly related to US-China trade tensions. These concerns outweigh the marginal sales beat and inline EPS, leading to a cautious stance."
37,2026-05-11 21:05:33.472036+00,DDD,"3D Sys Q1 EPS $(0.03) Beats $(0.11) Estimate, Sales $95.538M Beat $92.387M Estimate",0.61,BULLISH,0.82,NEUTRAL,0.65,NEUTRAL,0.9,0.82,BUY,HOLD,0.23,0.63,False,False,Portfolio Manager chose HOLD.,Minor concern,2,value_analyst_used_technical_or_unsourced_market_claims; risk_manager_generic_macro_or_regulatory_risk,"The debate highlights a key tension between short-term momentum and long-term fundamental concerns. While the momentum trader is bullish with a conviction of 0.82, the value investor and risk manager express neutral views with convictions of 0.65 and 0.90, respectively. The high-conviction risk manager (0.90) and value investor's concerns about structural challenges and global trade tensions weigh heavily on the decision, suggesting that the earnings beat may not be sustainable. As a result, the confidence in the consensus is moderate."
38,2026-05-11 21:03:06.487509+00,KKR,KKR Just Rescued Its Own Private Credit Fund With $300 Million,-2.97,BULLISH,0.8,BEARISH,0.7,BEARISH,0.9,-0.8,SELL,HOLD,-0.33,0.6,False,False,Portfolio Manager chose HOLD.,Minor concern,1,value_analyst_used_technical_or_unsourced_market_claims,"The committee debate highlights a key tension between the potential short-term benefits of KKR's $300 million capital injection into its private credit fund and the potential long-term risks associated with fund performance and liquidity. While the momentum trader sees this move as a bullish catalyst, the value investor and risk manager express concerns about potential liquidity issues and systemic risk. The high-conviction dissent from the risk manager (conviction=0.90) weighs heavily on my decision, suggesting that the potential downside risks may outweigh the potential upside."
39,2026-05-11 21:00:40.794434+00,BZFD,"BuzzFeed To Accept $120M Majority Investment From Byron Allen Affiliate To Buy 40M Shares At $3/Share; Byron Allen Named Incoming Chairman and CEO, Jonah Peretti To Become President Of BuzzFeed AI; Upon Closing, Allen Family Digital Will Own About 52% Of Company's Outstanding Shares; Withholding 2026 Guidance At This Time",-12.22,BEARISH,0.8,NEUTRAL,0.6,BEARISH,0.9,-1.7,SELL,SELL,-0.5,0.65,False,False,Directional sentiment did not clear the configured threshold.,Review,3,pm_directional_but_risk_gate_blocked; risk_manager_generic_macro_or_regulatory_risk,"The committee debate highlights a key tension between the potential for strategic growth under new leadership and the risks associated with dilutive investment and regulatory challenges. While the value investor sees potential for a turnaround, high-conviction dissenters (Momentum Trader at 0.8 and Risk Manager at 0.9) emphasize bearish factors such as dilutive effects, leadership uncertainty, and potential regulatory risks. Given the bearish conviction scores and the uncertainty around future guidance, a cautious approach is warranted."
40,2026-05-11 21:00:37.011339+00,HALO,Halozyme Therapeutics Affirms FY2026 Adj EPS Guidance of $7.75-$8.25 vs $8.09 Est; Affirms FY2026 Sales Guidance of $1.710B-$1.810B vs $1.760B Est,3.56,BEARISH,0.8,NEUTRAL,0.6,BEARISH,0.9,-1.7,SELL,HOLD,-0.23,0.58,False,False,Portfolio Manager chose HOLD.,Review,3,pm_action_differs_from_weighted_committee_SELL; risk_manager_generic_macro_or_regulatory_risk,"The committee debate highlights a key tension between short-term guidance affirmation and long-term risks. While the Momentum Trader and Risk Manager express bearish views with high conviction scores (0.80 and 0.90, respectively), the Value Investor takes a neutral stance with a lower conviction score of 0.60. The guidance affirmation's slight miss on EPS and in-line sales guidance weigh on the sentiment, but the Risk Manager's concerns about patent litigation, biosimilar competition, and regulatory shifts introduce significant uncertainty."
41,2026-05-11 21:00:32.930496+00,HROW,Harrow Affirms FY2026 Sales Guidance of $350.000M-$365.000M vs $351.380M Est,-0.33,BULLISH,0.62,BEARISH,0.78,BEARISH,0.85,-1.01,SELL,HOLD,-0.1,0.42,False,False,Portfolio Manager chose HOLD.,Review,4,pm_action_differs_from_weighted_committee_SELL; value_analyst_used_technical_or_unsourced_market_claims; risk_manager_generic_macro_or_regulatory_risk,"The committee debate highlights a key tension between short-term momentum and long-term fundamental concerns. While the Momentum Trader sees a bullish breakout opportunity due to the reaffirmed FY2026 sales guidance, high-conviction dissenters (Value Investor and Risk Manager) express bearish views, citing tepid revenue guidance expansion, deteriorating margins, and significant debt burden. The bearish stance is driven by concerns over Harrow's operational consistency, financial health, and potential regulatory headwinds."
42,2026-05-11 20:56:09.562828+00,HIMS,Hims And Hers CFO Expects Company To Return To Profitability In 2027; Says Took Write Downs On Ingredients And Inventory Related To Compounding GLP-1s And One-time M&A Costs; Saw Record Traffic And App Downloads After Shifting To FDA-Approved GLP-1s,2.93,BULLISH,0.8,NEUTRAL,0.6,BEARISH,0.7,0.1,HOLD,HOLD,0.23,0.67,False,False,Portfolio Manager chose HOLD.,Minor concern,1,risk_manager_generic_macro_or_regulatory_risk,"The committee debate highlights a key tension between HIMS' promising growth prospects and concerns around its path to profitability. While the momentum trader and value investor see positive momentum drivers in the company's shift to FDA-approved GLP-1s and record traffic and app downloads, the risk manager raises important concerns about regulatory risks and potential changes in compounding practices. Weighing the conviction scores, the risk manager's bearish view with a conviction score of 0.70 offsets the bullish and neutral views, leading to a cautious approach."
43,2026-05-11 20:56:07.376458+00,CBFV,"CB Financial Services Reports Unauthorized AI Software Incident On May 5, 2026;  Initiates Investigation With Cybersecurity Advisors; Says Incident Not Expected To Have Material Financial Impact",-2.03,BEARISH,0.8,NEUTRAL,0.4,BEARISH,0.9,-1.7,SELL,HOLD,-0.5,0.65,False,False,Portfolio Manager chose HOLD.,Review,3,pm_action_differs_from_weighted_committee_SELL; risk_manager_generic_macro_or_regulatory_risk,"The committee debate highlights a key tension between the perceived short-term operational risks and potential long-term regulatory implications of the unauthorized AI software incident. While the value investor sees a neutral, potentially overreacted market response, both the momentum trader and risk manager express bearish concerns, with the risk manager's high conviction score (0.90) emphasizing the potential for a broader regulatory impact. Weighing these perspectives, I conclude that caution is warranted."
44,2026-05-11 20:56:04.060946+00,UP,Delta Air Lines Commits $100M Term Loan For Wheels Up Experience To Support Its Growth Initiatives Plus Capacity To Increase Facility By Additional $100M,-15.34,BULLISH,0.85,NEUTRAL,0.65,BEARISH,0.8,0.05,HOLD,HOLD,0.1,0.6,False,False,Portfolio Manager chose HOLD.,Minor concern,2,value_analyst_used_technical_or_unsourced_market_claims; risk_manager_generic_macro_or_regulatory_risk,"The committee debate highlights a key tension between growth prospects and risk management. While the Momentum Trader (0.85) and Value Investor (0.65) see the $100M term loan as a growth catalyst, the Risk Manager (0.80) raises concerns about reputational and regulatory risks. Given the high conviction scores of all analysts, we weigh the bullish and bearish views. The Risk Manager's dissent, despite being bearish, commands attention due to their high conviction score of 0.80. This suggests that while there are growth opportunities, they are accompanied by significant risks. Therefore, we decide to exercise caution."
45,2026-05-11 20:52:37.374858+00,MVST,"Microvast Holdings Q1 Adj. EPS $(0.04) Misses $0.01 Estimate, Sales $60.600M Miss $99.017M Estimate",-6.29,BEARISH,0.9,BEARISH,0.8,BEARISH,0.95,-2.65,SELL,SELL,-0.9,0.88,False,False,Confidence did not clear the configured threshold.,Review,3,pm_directional_but_risk_gate_blocked; risk_manager_generic_macro_or_regulatory_risk,"The committee debate reveals a consensus bearish sentiment driven by the significant Q1 earnings miss and potential fundamental deterioration. The key tension lies in the balance between immediate downside risk due to the earnings report and the potential for systemic risks related to global supply chains. With all analysts holding a bearish view, and given the high conviction scores, particularly from the Risk Manager at 0.95 and the Momentum Trader at 0.90, the final decision leans towards selling MVST. The aligned bearish perspective and high conviction levels across the committee suggest a strong confidence in the downside risk."
46,2026-05-11 20:52:34.755484+00,NOVT,Novanta Affirms FY2026 Adj EPS Guidance of $3.50-$3.65 vs $3.56 Est; Raises FY2026 Sales Guidance from $1.030B-$1.050B to $1.040B-$1.055B vs $1.045B Est.,1.34,BULLISH,0.8,BULLISH,0.6,BEARISH,0.7,0.7,BUY,HOLD,0.43,0.63,False,False,Portfolio Manager chose HOLD.,Minor concern,1,risk_manager_generic_macro_or_regulatory_risk,"The committee debate reveals a tension between bullish analysts who focus on Novanta's positive guidance and a bearish risk manager highlighting potential economic risks. While the momentum trader and value investor are bullish, the risk manager's dissenting view, with a conviction score of 0.70, introduces significant downside risk considerations. The affirmation of FY2026 adj EPS guidance and the raise in sales guidance support a bullish outlook, but the risk manager's concerns about global economic uncertainty and its impact on Novanta's international operations cannot be ignored."
47,2026-05-11 20:52:32.148496+00,UP,"Wheels Up Experience Q1 EPS $(2.29) Up From $(2.84) YoY, Sales $168.922M Down From $177.530M YoY",-15.34,BEARISH,0.8,NEUTRAL,0.6,NEUTRAL,0.7,-0.8,SELL,SELL,-0.5,0.65,False,False,Directional sentiment did not clear the configured threshold.,Review,4,pm_directional_but_risk_gate_blocked; value_analyst_used_technical_or_unsourced_market_claims; risk_manager_generic_macro_or_regulatory_risk,"The committee debate highlights a key tension between the momentum trader's bearish view on Wheels Up's sales decline and the value investor's cautious approach, while the risk manager introduces a neutral perspective focusing on potential tail risks. The momentum trader's high conviction score of 0.80 as a dissenter weighs heavily, suggesting downward pressure on UP's stock price due to the sales decline."
48,2026-05-11 20:52:30.203788+00,PACS,"PACS Group Approves $250M Share Repurchase Authorization, Effective May 7, 2026",-5.09,BULLISH,0.8,NEUTRAL,0.6,BEARISH,0.7,0.1,HOLD,HOLD,0.23,0.58,False,False,Portfolio Manager chose HOLD.,Looks coherent,0,,"The committee debate reveals a split view on the implications of PACS' $250M share repurchase authorization. While the Momentum Trader sees it as a bullish signal, the Value Investor remains neutral, citing the need for further fundamental analysis. The Risk Manager raises concerns about potential risks in a rising interest rate environment. The key tension lies in balancing the potential long-term benefits of the share repurchase plan against the uncertainty surrounding its implementation and potential risks. Given the mixed views and moderate conviction scores, a cautious approach is warranted."
49,2026-05-11 20:52:26.489794+00,NOVT,"Novanta Q1 Adj. EPS $0.81 Beats $0.78 Estimate, Sales $257.707M Beat $253.393M Estimate.",1.34,BULLISH,0.82,NEUTRAL,0.55,NEUTRAL,0.7,0.82,BUY,HOLD,0.29,0.66,False,False,Portfolio Manager chose HOLD.,Minor concern,2,value_analyst_used_technical_or_unsourced_market_claims; risk_manager_generic_macro_or_regulatory_risk,"The committee debate highlights a key tension between short-term momentum and long-term risk considerations. While the momentum trader (conviction=0.82) sees earnings and sales beats as a catalyst for a potential breakout, the value investor (conviction=0.55) and risk manager (conviction=0.70) express caution regarding fundamental validation and external risks. The high-conviction momentum trader's bullish stance is counterbalanced by the neutral views of the value investor and risk manager, leading to a moderate overall sentiment and confidence."
50,2026-05-11 20:46:51.786706+00,FLYX,"flyExclusive Q1 EPS $(0.17) Beats $(0.25) Estimate, Sales $96.350M Beat $94.600M Estimate",-2.98,BULLISH,0.8,BULLISH,0.6,BEARISH,0.4,1.0,BUY,HOLD,0.33,0.59,False,False,Portfolio Manager chose HOLD.,Minor concern,1,risk_manager_generic_macro_or_regulatory_risk,"The committee debate on FLYX's earnings beat reveals a tension between the momentum trader and the value investor, who see potential for trend continuation and sustainable growth, respectively, and the risk manager, who cautions about regulatory risks and financial health. While two analysts are bullish, the bearish dissent lowers overall confidence. Given the mixed view, a cautious approach is warranted."
51,2026-05-11 20:46:47.471175+00,FLY,Firefly Aerospace Subsidiary SciTec Awarded Contract By Air Force Research Laboratory To Support Development Of Advanced Algorithm R&D And Verification Architecture; Terms Not Disclosed,-3.5,BULLISH,0.78,BEARISH,0.45,BEARISH,0.65,-0.32,HOLD,HOLD,-0.14,0.58,False,False,Portfolio Manager chose HOLD.,Minor concern,2,value_analyst_used_technical_or_unsourced_market_claims; risk_manager_generic_macro_or_regulatory_risk,"The committee debate highlights a key tension between the potential short-term catalyst from the Air Force Research Laboratory contract and concerns over Firefly Aerospace's weak fundamentals, high valuation, and execution risks. Despite the bullish momentum trader, the bearish views from the value investor and risk manager, particularly their concerns over liquidity constraints and execution risks, weigh heavily on the sentiment."
52,2026-05-11 20:41:18.655539+00,AIZ,"UBS Maintains Buy on Assurant, Raises Price Target to $274",1.99,BULLISH,0.8,BULLISH,0.6,BEARISH,0.4,1.0,BUY,HOLD,0.33,0.57,False,False,Portfolio Manager chose HOLD.,Minor concern,1,risk_manager_generic_macro_or_regulatory_risk,"The committee debate on AIZ reveals a tension between bullish outlooks driven by UBS's raised price target and concerns over regulatory risks. While the Momentum Trader and Value Investor are bullish with convictions of 0.80 and 0.60 respectively, the Risk Manager presents a bearish view with a conviction of 0.40, highlighting potential regulatory changes as a significant tail risk. The bullish sentiment is tempered by the need to verify sustained growth and profitability, as well as the potential regulatory risks. Given the mixed views, a cautious approach is warranted."
53,2026-05-11 20:41:15.317413+00,ESOA,"Energy Servs of America Q2 EPS $0.01 Beats $(0.16) Estimate, Sales $93.173M Beat $80.900M Estimate",1.38,BULLISH,0.9,NEUTRAL,0.6,BEARISH,0.8,0.1,HOLD,HOLD,0.23,0.63,False,False,Portfolio Manager chose HOLD.,Minor concern,1,risk_manager_generic_macro_or_regulatory_risk,"The committee debate highlights a key tension between the momentum trader and risk manager, with the value investor taking a more neutral stance. While the momentum trader sees a trend continuation higher, the risk manager cautions about potential regulatory and commodity price risks. The high-conviction dissenter, Risk Manager (0.80), tempers my confidence in a bullish stance."
54,2026-05-11 20:41:12.578656+00,MYPS,"PLAYSTUDIOS Q1 EPS $(0.08) Misses $(0.06) Estimate, Sales $58.410M Beat $52.688M Estimate",11.28,BEARISH,0.8,NEUTRAL,0.6,BEARISH,0.9,-1.7,SELL,HOLD,-0.2,0.65,False,False,Portfolio Manager chose HOLD.,Minor concern,2,pm_action_differs_from_weighted_committee_SELL,"The committee debate highlights a key tension between the bearish views on the EPS miss and potential liquidity risks, versus the neutral perspective that the sales beat and stock price action may have already priced in the negative surprise. The Risk Manager's high-conviction bearish stance (0.90) and the Momentum Trader's bearish view (0.80) weigh heavily on the sentiment, while the Value Investor's neutral take (0.60) provides some counterbalance. Given the mixed signals, I will exercise caution and decide to HOLD the stock, as the debate does not provide a clear enough signal to either buy or sell."
55,2026-05-11 20:41:09.572881+00,TW,"UBS Maintains Buy on Tradeweb Markets, Raises Price Target to $150",1.06,BULLISH,0.9,BULLISH,0.8,BEARISH,0.7,1.0,BUY,HOLD,0.57,0.74,False,False,Portfolio Manager chose HOLD.,Minor concern,2,value_analyst_used_technical_or_unsourced_market_claims; risk_manager_generic_macro_or_regulatory_risk,"The committee debate reveals a tension between bullish analysts citing the UBS price target increase to $150 and a bearish risk manager highlighting potential regulatory risks. While two analysts are bullish with high conviction scores (0.90 and 0.80), the risk manager's dissenting view at 0.70 conviction introduces a note of caution. Weighing these inputs, the consensus leans bullish but with reduced confidence due to the split views."
56,2026-05-11 20:41:06.33474+00,XOS,Xos To Carry Out Live Outdoor Demonstration Of Its Charger Hub At 2026 Air Force Global Strike Command Commercial Capabilities Showcase,-0.83,BULLISH,0.8,NEUTRAL,0.4,BEARISH,0.6,0.2,HOLD,HOLD,0.27,0.53,False,False,Portfolio Manager chose HOLD.,Looks coherent,0,,"The committee debate highlights a key tension between the potential for short-term momentum and long-term fundamental concerns. While the Momentum Trader is bullish with a conviction of 0.80, the Risk Manager's bearish stance with a conviction of 0.60 and the Value Investor's neutral stance with a conviction of 0.40 suggest that there are significant risks and uncertainties associated with XOS. The high-conviction dissenter, Momentum Trader, suggests some upside potential, but it is not enough to outweigh the concerns raised by the Risk Manager and Value Investor."
57,2026-05-11 20:41:04.330883+00,TNXP,"Tonix Pharmaceuticals Q1 EPS $(2.93) Misses $(2.43) Estimate, Sales $6.878M Beat $6.100M Estimate",0.28,BEARISH,0.8,NEUTRAL,0.6,NEUTRAL,0.9,-0.8,SELL,HOLD,-0.1,0.63,False,False,Portfolio Manager chose HOLD.,Minor concern,1,risk_manager_generic_macro_or_regulatory_risk,"The committee debate highlights a key tension between the momentum trader's bearish view on the EPS miss and the value investor's neutral stance citing revenue growth. The risk manager's high-conviction neutral take introduces a regulatory risk factor often overlooked. While the EPS miss is concerning, the sales beat and revenue growth trend suggest a mixed picture. Given the split views and high-conviction dissent, a cautious approach is warranted."
58,2026-05-11 20:41:01.549351+00,BZH,Beazer Homes USA Rejects All Three Acquisition Proposals From Dream Finders Homes Due To Not In Best Interests Of Co.,34.22,BULLISH,0.9,NEUTRAL,0.6,BEARISH,0.8,0.1,HOLD,HOLD,0.23,0.63,False,False,Portfolio Manager chose HOLD.,Minor concern,1,risk_manager_generic_macro_or_regulatory_risk,"The committee debate highlights a key tension between the momentum trader's bullish stance on BZH's rejection of acquisition proposals and the risk manager's bearish view citing potential housing market downturns and regulatory risks. The value investor takes a neutral stance, emphasizing the need to evaluate the company's intrinsic value. While two analysts express high conviction (momentum trader at 0.90 and risk manager at 0.80), their opposing views temper the overall confidence. Given the significant intraday surge and potential overreaction, a cautious approach is warranted."
59,2026-05-11 20:40:57.896324+00,CTRI,"UBS Maintains Neutral on Centuri Holdings, Raises Price Target to $36",-3.8,BULLISH,0.65,BEARISH,0.75,BEARISH,0.8,-0.9,SELL,HOLD,-0.23,0.58,False,False,Portfolio Manager chose HOLD.,Minor concern,1,risk_manager_generic_macro_or_regulatory_risk,"The committee debate highlights a key tension between momentum traders seeing potential upside and value investors and risk managers flagging concerns over Centuri's capital structure, valuation, and regulatory risks. While the UBS price target revision suggests improved fundamentals, high-conviction dissenters (Value Investor at 0.75 and Risk Manager at 0.80) meaningfully lower my confidence in a bullish stance."
60,2026-05-11 20:36:54.777497+00,HIMS,Why Hims & Hers Health Are Falling Monday,2.93,BEARISH,0.8,NEUTRAL,0.4,BEARISH,0.9,-1.7,SELL,HOLD,-0.5,0.65,False,False,Portfolio Manager chose HOLD.,Review,4,pm_action_differs_from_weighted_committee_SELL; value_analyst_used_technical_or_unsourced_market_claims; risk_manager_generic_macro_or_regulatory_risk,"The committee debate highlights a key tension between short-term price action and long-term fundamental analysis. While the momentum trader and risk manager express bearish views with high conviction scores (0.80 and 0.90, respectively), the value investor remains neutral with a lower conviction score (0.40). The risk manager's high conviction score and emphasis on regulatory risks weigh heavily in the decision, as a sudden regulatory shift could rapidly deteriorate the stock's prospects. However, the value investor's perspective suggests that the stock's intrinsic value remains intact. Given the mixed views, a cautious approach is warranted."
61,2026-05-11 20:36:42.944366+00,SCYX,SCYNEXIS Q1 EPS $(0.42) Misses $(0.12) Estimate,-10.08,BEARISH,0.9,NEUTRAL,0.6,BEARISH,0.8,-1.7,SELL,SELL,-0.7,0.78,False,False,Directional sentiment did not clear the configured threshold.,Review,3,pm_directional_but_risk_gate_blocked; risk_manager_generic_macro_or_regulatory_risk,"The committee debate highlights a key tension between the immediate negative impact of the earnings miss and the potential for a deeper correction versus the possibility of a one-time event. The momentum trader and risk manager express high conviction in a bearish outlook (0.90 and 0.80, respectively), while the value investor takes a more neutral stance (0.60). The high-conviction dissenters meaningfully lower my confidence in a bullish or neutral outlook. Given the significant earnings miss, liquidity risks, and existing downtrend, I lean towards a cautious approach."
62,2026-05-11 20:36:30.983936+00,ASTS,"AST SpaceMobile Q1 EPS $(0.66) Misses $(0.23) Estimate, Sales $14.735M Miss $37.634M Estimate",9.98,BEARISH,0.8,NEUTRAL,0.6,NEUTRAL,0.7,-0.8,SELL,HOLD,-0.2,0.63,False,False,Portfolio Manager chose HOLD.,Minor concern,1,risk_manager_generic_macro_or_regulatory_risk,"The committee debate highlights a key tension between the momentum trader's bearish reversal scenario and the value investor's more neutral, long-term perspective. The risk manager's emphasis on regulatory tail risk adds another layer of complexity. While the momentum trader's conviction score of 0.80 suggests a high level of confidence in their bearish take, the value investor and risk manager's more neutral stances (conviction scores of 0.60 and 0.70, respectively) suggest that the situation is not as clear-cut. Given the significant EPS and sales miss, but also the stock's 9.98% intraday gain, I will choose to HOLD the stock, as the debate suggests that the market's reaction may be overdone, but a deeper dive into the company's fundamentals is warranted."
63,2026-05-11 20:36:19.067364+00,AMPY,"Amplify Energy Q1 Adj. EPS $0.13 Beats $0.06 Estimate, Sales $37.464M Miss $38.111M Estimate",3.58,BULLISH,0.8,NEUTRAL,0.6,BEARISH,0.7,0.1,HOLD,HOLD,0.23,0.63,False,False,Portfolio Manager chose HOLD.,Minor concern,1,risk_manager_generic_macro_or_regulatory_risk,"The committee debate highlights a key tension between short-term momentum and long-term sustainability. While the momentum trader (conviction=0.80) argues that the EPS beat will drive the stock higher, the risk manager (conviction=0.70) cautions about potential risks from commodity price volatility and regulatory costs. The value investor (conviction=0.60) takes a neutral stance, emphasizing the need for further assessment of the company's financial health. Given the mixed views, I weigh the high-conviction dissenters, particularly the risk manager, and decide to exercise caution."
64,2026-05-11 20:36:08.963651+00,AMTM,"Amentum Holdings Q2 Adj. EPS $0.60 Beats $0.57 Estimate, Sales $3.478B Beat $3.468B Estimate",-2.28,BULLISH,0.8,NEUTRAL,0.4,BEARISH,0.6,0.2,HOLD,HOLD,0.07,0.56,False,False,Portfolio Manager chose HOLD.,Minor concern,1,risk_manager_generic_macro_or_regulatory_risk,"The committee debate highlights a tension between the short-term bullishness driven by the earnings beat and concerns about long-term sustainability and potential sector-wide risks. While the momentum trader and value investor see the earnings beat as a positive sign, the risk manager cautions against overlooking broader geopolitical and macroeconomic risks. Given the mixed views, with conviction scores of 0.80, 0.40, and 0.60, the overall sentiment leans slightly bullish but with moderate confidence due to the split perspectives."
65,2026-05-11 20:35:59.087147+00,PLBY,"Playboy Q1 Adj. EPS $(0.00) Misses $0.01 Estimate, Sales $30.236M Miss $30.615M Estimate",-4.14,BEARISH,0.8,NEUTRAL,0.6,BEARISH,0.9,-1.7,SELL,SELL,-0.7,0.78,False,False,Directional sentiment did not clear the configured threshold.,Review,3,pm_directional_but_risk_gate_blocked; risk_manager_generic_macro_or_regulatory_risk,"The committee debate highlights a tension between short-term earnings impact and longer-term risks. While the Value Investor takes a neutral stance, the Momentum Trader and Risk Manager express bearish views with high conviction scores of 0.80 and 0.90, respectively. The high-conviction dissent from the Risk Manager, emphasizing liquidity and regulatory risks, significantly lowers my confidence in a bullish stance."
66,2026-05-11 20:35:48.218107+00,BLNK,Blink Charging Affirms FY2026 Sales Guidance of $105.000M-$115.000M vs $107.286M Est,11.65,BULLISH,0.8,NEUTRAL,0.6,BEARISH,0.7,0.1,HOLD,HOLD,0.23,0.63,False,False,Portfolio Manager chose HOLD.,Minor concern,2,value_analyst_used_technical_or_unsourced_market_claims; risk_manager_generic_macro_or_regulatory_risk,"The committee debate on BLNK's affirmed FY2026 sales guidance reveals a mixed outlook. While the momentum trader is bullish, citing potential for further growth, the value investor is neutral, seeing the guidance as in line with expectations but lacking a catalyst for upside. The risk manager is bearish, highlighting potential regulatory risks. The key tension lies in balancing the stock's current upward momentum against potential risks and the absence of a strong earnings catalyst. Given the split opinions and moderate conviction scores, a cautious approach is warranted."
67,2026-05-11 20:35:45.226054+00,BLNK,"Blink Charging Q1 Adj. EPS $(0.06) Beats $(0.10) Estimate, Sales $20.779M Miss $21.662M Estimate",11.65,BULLISH,0.8,NEUTRAL,0.4,BEARISH,0.6,0.2,HOLD,HOLD,0.27,0.53,False,False,Portfolio Manager chose HOLD.,Looks coherent,0,,"The committee debate highlights a key tension between short-term momentum and long-term risks. While the EPS beat and intraday performance suggest buying interest (MOMENTUM TRADER, 0.80 conviction), concerns about ongoing losses, sales miss, and regulatory risks (VALUE INVESTOR, 0.40 conviction; RISK MANAGER, 0.60 conviction) warrant caution. The high-conviction dissenter, MOMENTUM TRADER, suggests a bullish outlook, but the presence of bearish and neutral views tempers confidence."
68,2026-05-11 20:35:42.437039+00,BKKT,"Bakkt Hldgs Q1 EPS $(0.41) Misses $(0.10) Estimate, Sales $243.593M Miss $310.887M Estimate",0.41,BEARISH,0.9,BEARISH,0.8,NEUTRAL,0.6,-1.7,SELL,SELL,-0.73,0.77,False,False,Directional sentiment did not clear the configured threshold.,Review,3,pm_directional_but_risk_gate_blocked; risk_manager_generic_macro_or_regulatory_risk,"The committee debate highlights a key tension between the bearish views of the Momentum Trader and Value Investor, who cite the significant earnings miss as a negative catalyst, and the Risk Manager's neutral stance, which suggests potential for a short squeeze. The high conviction scores of the Momentum Trader (0.90) and Value Investor (0.80) outweigh the Risk Manager's lower conviction (0.60), leading to a bearish sentiment. However, the dissenting view of the Risk Manager introduces uncertainty, resulting in a confidence level that reflects the debate's split nature."
69,2026-05-11 20:35:39.394958+00,CLLS,"Cellectis Q1 Adj. EPS $(0.16) Beats $(0.27) Estimate, Sales $7.548M Miss $12.267M Estimate",2.76,BULLISH,0.8,BEARISH,0.7,BEARISH,0.9,-0.8,SELL,HOLD,-0.2,0.6,False,False,Portfolio Manager chose HOLD.,Minor concern,1,risk_manager_generic_macro_or_regulatory_risk,"The committee debate highlights a key tension between short-term momentum and long-term risks. While the momentum trader sees a trend continuation, the value investor and risk manager express concerns over the sales miss and potential regulatory risks. The high-conviction dissent from the risk manager (0.90) weighs heavily, but is counterbalanced by the momentum trader's bullish view (0.80)."
70,2026-05-11 20:35:37.536181+00,STEM,"UBS Maintains Neutral on Stem, Lowers Price Target to $10.5",-1.2,BEARISH,0.8,NEUTRAL,0.4,BEARISH,0.9,-1.7,SELL,HOLD,-0.5,0.65,False,False,Portfolio Manager chose HOLD.,Review,4,pm_action_differs_from_weighted_committee_SELL; value_analyst_used_technical_or_unsourced_market_claims; risk_manager_generic_macro_or_regulatory_risk,"The committee debate highlights a tension between near-term price action and long-term fundamental outlook. While the momentum trader and risk manager express bearish views with high conviction scores (0.80 and 0.90, respectively), the value investor remains neutral with a lower conviction score (0.40). The key tension lies in the balance between reacting to the UBS price target adjustment and considering potential regulatory risks. Given the high-conviction dissent from the risk manager, we should be cautious of a potential black swan event."
71,2026-05-11 20:35:34.885315+00,NPWR,NET Power Q1 EPS $(0.12) Misses $(0.07) Estimate,2.51,BEARISH,0.8,NEUTRAL,0.4,BEARISH,0.9,-1.7,SELL,SELL,-0.7,0.62,False,False,Directional sentiment did not clear the configured threshold.,Review,4,pm_directional_but_risk_gate_blocked; value_analyst_used_technical_or_unsourced_market_claims; risk_manager_generic_macro_or_regulatory_risk,"The committee debate highlights a key tension between the momentum trader and risk manager, who both express bearish views but with differing conviction scores (0.80 and 0.90, respectively), and the value investor, who takes a neutral stance with a lower conviction score (0.40). The high-conviction dissenter, Risk Manager (0.90), emphasizes the potential for a liquidity crisis, which meaningfully lowers my confidence in the stock. While the momentum trader and value investor present valid points, the Risk Manager's concerns about external events and liquidity crises take precedence. Given the bearish sentiment and high conviction scores from two analysts, I will err on the side of caution."
72,2026-05-11 20:35:31.946915+00,STE,"Steris Q4 Adj. EPS $2.83 Misses $2.85 Estimate, Sales $1.588B Miss $1.595B Estimate",-2.71,BEARISH,0.8,NEUTRAL,0.4,BEARISH,0.9,-1.7,SELL,HOLD,-0.5,0.65,False,False,Portfolio Manager chose HOLD.,Review,4,pm_action_differs_from_weighted_committee_SELL; value_analyst_used_technical_or_unsourced_market_claims; risk_manager_generic_macro_or_regulatory_risk,"The committee debate highlights a key tension between short-term concerns over the earnings miss and longer-term fundamental outlook. While the momentum trader and risk manager express bearish views with high conviction scores (0.80 and 0.90, respectively), the value investor presents a more neutral perspective with a lower conviction score (0.40). The risk manager's high-conviction bearish stance on a potential global economic downturn introduces significant downside risk, which cannot be ignored."
73,2026-05-11 20:35:29.284594+00,EVI,"EVI Industries Q3 EPS $0.05 Misses $0.16 Estimate, Sales $101.134M Miss $111.300M Estimate",-5.44,BEARISH,0.85,NEUTRAL,0.65,BEARISH,0.9,-1.75,SELL,SELL,-0.7,0.78,False,False,Directional sentiment did not clear the configured threshold.,Review,3,pm_directional_but_risk_gate_blocked; risk_manager_generic_macro_or_regulatory_risk,"The committee debate highlights a key tension between near-term momentum and long-term fundamentals. While the Momentum Trader and Risk Manager express bearish views with high conviction scores (0.85 and 0.90, respectively), the Value Investor presents a more nuanced, neutral perspective (conviction=0.65). The dual EPS and sales miss, combined with the Risk Manager's concerns about potential regulatory backlash, weigh heavily on the sentiment. However, the Value Investor's points about EVI's strong cash position and contract visibility prevent a unanimous bearish stance."
74,2026-05-11 20:30:38.189079+00,ROOT,"UBS Maintains Neutral on Root, Lowers Price Target to $50",0.57,BEARISH,0.8,NEUTRAL,0.4,NEUTRAL,0.6,-0.8,SELL,HOLD,-0.2,0.58,False,False,Portfolio Manager chose HOLD.,Minor concern,1,risk_manager_generic_macro_or_regulatory_risk,"The committee debate highlights a key tension between the potential for short-term momentum selling due to UBS's lowered price target for ROOT to $50 and the possibility that this action may not signify a significant fundamental deterioration. While the momentum trader (conviction=0.80) suggests a bearish outlook, the value investor (conviction=0.40) and risk manager (conviction=0.60) provide counterpoints that suggest a more nuanced view. The high-conviction dissenter, the momentum trader, meaningfully lowers my confidence in a bullish stance."
75,2026-05-11 20:30:35.01388+00,IHRT,iHeartMedia Q1 EPS $(0.61) Misses $(0.45) Estimate,-2.64,BEARISH,0.8,BEARISH,0.9,NEUTRAL,0.7,-1.7,SELL,SELL,-0.77,0.8,False,False,Directional sentiment did not clear the configured threshold.,Review,3,pm_directional_but_risk_gate_blocked; risk_manager_generic_macro_or_regulatory_risk,"The committee debate highlights a key tension between the bearish views of the momentum trader and value investor, who cite the Q1 EPS miss as a significant negative surprise, and the neutral stance of the risk manager, who warns of potential macroeconomic risks. The value investor's high conviction score of 0.90 and the momentum trader's score of 0.80 suggest a strong bearish sentiment, which is only partially offset by the risk manager's neutral view with a conviction score of 0.70."
76,2026-05-11 20:30:31.248358+00,PLRX,Pliant Therapeutics Q1 EPS $(0.32) Beats $(0.35) Estimate,-2.04,BULLISH,0.8,NEUTRAL,0.4,BEARISH,0.6,0.2,HOLD,HOLD,0.07,0.53,False,False,Portfolio Manager chose HOLD.,Minor concern,1,risk_manager_generic_macro_or_regulatory_risk,"The committee debate highlights a key tension between short-term momentum and long-term risks. While the momentum trader and value investor see potential for a short-term pop and a positive development, respectively, the risk manager cautions about the significant tail risks associated with PLRX's developmental stage and regulatory uncertainty. Given the mixed views and moderate conviction scores, I choose to HOLD PLRX, as the current information does not provide a clear buy or sell signal."
77,2026-05-11 20:30:29.014568+00,SANA,Sana Biotechnology Q1 Adj. EPS $(0.14) Beats $(0.17) Estimate,1.28,BULLISH,0.75,BEARISH,0.65,NEUTRAL,0.9,0.1,HOLD,HOLD,0.15,0.58,False,False,Portfolio Manager chose HOLD.,Minor concern,2,value_analyst_used_technical_or_unsourced_market_claims; risk_manager_generic_macro_or_regulatory_risk,"The committee debate highlights a key tension between short-term momentum and long-term fundamental concerns. While the momentum trader and risk manager see potential for a bullish breakout, the value investor cautions against ignoring significant cash burn and speculative valuation. The high-conviction risk manager (0.90) and momentum trader (0.75) outvote the value investor (0.65), but their bullish and neutral perspectives are not strongly aligned, leading to a moderate overall confidence. Given the balance of short-term momentum and long-term risks, a cautious approach is warranted."
78,2026-05-11 20:26:07.910087+00,MGX,"Metagenomi Q1 EPS $(0.61) Misses $(0.55) Estimate, Sales $1.248M Miss $5.925M Estimate",-4.58,BEARISH,0.9,NEUTRAL,0.6,BEARISH,0.8,-1.7,SELL,SELL,-0.7,0.78,False,False,Directional sentiment did not clear the configured threshold.,Review,3,pm_directional_but_risk_gate_blocked; risk_manager_generic_macro_or_regulatory_risk,"The committee debate highlights a key tension between the immediate negative impact of the earnings miss and the potential for downside acceleration versus the cushion provided by MGX's low valuation. While the momentum trader and risk manager express bearish views with high conviction scores of 0.90 and 0.80 respectively, the value investor's neutral stance with a conviction score of 0.60 suggests a more nuanced scenario. Weighing these perspectives, I conclude that the bearish views, particularly the high-conviction momentum trader, have a stronger influence on the decision."
79,2026-05-11 20:25:59.012146+00,GTLB,GitLab Announces Reduction In Force To Realign Operating Structure; Co Reaffirms FY2027 Guidance;  Expects Q1 FY2027 Results In-line With Prior Guidance; To Reinvest Majority Of Savings From Reduction In Force Into Strategic Growth Initiatives,-1.33,NEUTRAL,0.8,NEUTRAL,0.6,BEARISH,0.9,-0.9,SELL,HOLD,-0.2,0.75,False,False,Portfolio Manager chose HOLD.,Minor concern,2,risk_manager_generic_macro_or_regulatory_risk; high_confidence_hold,"The committee is split between neutral and bearish assessments. The Risk Manager's high-conviction bearish perspective on talent retention risks and competitive disadvantages raises significant concerns, counterbalanced by the Momentum Trader's moderate conviction in strategic realignment potential. The Value Investor's low conviction reinforces the neutral stance. This creates a fragile consensus requiring caution."
80,2026-05-11 20:25:48.823759+00,SGHC,Super Group (SGHC) FY2026  Revenue expected to be more than $2.550B vs $2.252B Est,0.77,BULLISH,0.9,BULLISH,0.6,BEARISH,0.8,0.7,HOLD,HOLD,0.43,0.63,False,False,Portfolio Manager chose HOLD.,Minor concern,1,risk_manager_generic_macro_or_regulatory_risk,"The committee debate on SGHC's FY2026 revenue guidance reveals a key tension between bullish growth prospects and potential regulatory and macroeconomic risks. While two analysts are bullish, with conviction scores of 0.90 and 0.60, the risk manager presents a high-conviction bearish case at 0.80, highlighting potential risks that could impact the company's growth trajectory. The bullish sentiment is driven by the significant upward revision in revenue expectations, but the bearish perspective cautions against overlooking regulatory and macroeconomic headwinds."
81,2026-05-11 20:25:45.765975+00,METCB,"Ramaco Resources Q1 EPS $(0.15) Beats $(0.20) Estimate, Sales $121.613M Miss $129.738M Estimate",1.56,BULLISH,0.8,BEARISH,0.7,NEUTRAL,0.9,0.1,HOLD,HOLD,0.23,0.63,False,False,Portfolio Manager chose HOLD.,Minor concern,1,risk_manager_generic_macro_or_regulatory_risk,"The committee debate highlights a key tension between momentum and value perspectives. While the momentum trader and risk manager are bullish or neutral with high conviction scores (0.80 and 0.90, respectively), the value investor presents a bearish view with a relatively lower conviction score (0.70). The EPS beat and positive price action support the bullish case, but the value investor's concerns about profitability and revenue growth are valid. Given the mixed views, I will exercise caution and maintain a neutral stance."
82,2026-05-11 20:25:42.051934+00,TTRX,Turn Therapeutics Q1 EPS $(0.03) Misses $(0.02) Estimate,0.81,BEARISH,0.8,NEUTRAL,0.4,NEUTRAL,0.6,-0.8,SELL,HOLD,-0.2,0.45,False,False,Portfolio Manager chose HOLD.,Minor concern,2,value_analyst_used_technical_or_unsourced_market_claims; risk_manager_generic_macro_or_regulatory_risk,"The committee debate highlights a key tension between near-term earnings performance and long-term fundamentals. While the momentum trader expresses a high-conviction bearish view (0.80) on the EPS miss, the value investor and risk manager offer more neutral perspectives, weighing the company's overall financial health and potential regulatory risks. The bearish view, although outvoted, still merits consideration due to its high conviction score."
83,2026-05-11 20:25:38.855285+00,GPRO,"GoPro Launches Strategic Review, Exploring Potential Sale Or Merger Following Defense Expansion Interest",-2.9,BEARISH,0.8,BEARISH,0.9,NEUTRAL,0.7,-1.7,SELL,SELL,-0.73,0.84,False,False,Directional sentiment did not clear the configured threshold.,Minor concern,2,pm_directional_but_risk_gate_blocked,"The committee debate highlights a bearish consensus, with two analysts (Momentum Trader and Value Investor) expressing concerns about GoPro's strategic review and potential sale or merger, citing a lack of confidence in the company's trajectory and significant uncertainty. The Risk Manager presents a more nuanced view, warning of potential regulatory risks but also hinting at the possibility of a strategic acquisition unlocking value. The key tension lies in the balance between the negative implications of the strategic review and the potential for a complex regulatory review process to delay or block a sale or merger. Weighing the high conviction scores of the bearish analysts (0.80 and 0.90) against the more neutral Risk Manager (0.70), I lean towards a cautious approach."
84,2026-05-11 20:25:36.021582+00,GPRO,"GoPro Q1 Adj. EPS $(0.35) Misses $(0.04) Estimate, Sales $99.065M Beat $69.916M Estimate",-2.9,BEARISH,0.8,NEUTRAL,0.6,BEARISH,0.9,-1.7,SELL,SELL,-0.5,0.65,False,False,Directional sentiment did not clear the configured threshold.,Minor concern,2,pm_directional_but_risk_gate_blocked,"The committee debate highlights a key tension between the earnings miss and the sales beat. While the momentum trader and risk manager express bearish views with high conviction scores of 0.80 and 0.90, respectively, the value investor takes a neutral stance with a conviction score of 0.60. The high-conviction dissenters, particularly the risk manager, raise concerns about potential liquidity risks and market volatility. However, the value investor's neutral perspective suggests that the stock price may have already factored in significant pessimism. Weighing these views, I conclude that the downside risks outweigh the potential upside, but with a moderate level of confidence."
85,2026-05-11 20:25:33.196485+00,ELTX,Elicio Therapeutics Q1 EPS $(0.65) Misses $(0.47) Estimate,16.41,BEARISH,0.8,NEUTRAL,0.4,NEUTRAL,0.7,-0.8,SELL,HOLD,0.03,0.57,False,False,Portfolio Manager chose HOLD.,Minor concern,1,value_analyst_used_technical_or_unsourced_market_claims,"The committee debate highlights a key tension between the momentum trader's bearish reversal prediction and the value investor's and risk manager's more cautious views. While the momentum trader's conviction score of 0.80 suggests a strong bearish case, the value investor's neutral stance and lower conviction score of 0.40, combined with the risk manager's neutral view and conviction score of 0.70, suggest that the situation is more nuanced. The +16.41% stock surge today raises questions about the market's expectations and the stock's short-term direction."
86,2026-05-11 20:25:30.115661+00,QUBT,"Quantum Computing Q1 EPS $(0.02) Beats $(0.05) Estimate, Sales $3.691M Beat $3.275M Estimate",6.05,BULLISH,0.9,NEUTRAL,0.6,BEARISH,0.8,0.1,HOLD,HOLD,0.23,0.58,False,False,Portfolio Manager chose HOLD.,Minor concern,2,value_analyst_used_technical_or_unsourced_market_claims; risk_manager_generic_macro_or_regulatory_risk,"The committee debate highlights a key tension between short-term momentum and long-term fundamental concerns. While the momentum trader and value investor see the earnings beat as a positive catalyst, the risk manager raises important concerns about the company's competitive position and industry risks. The high-conviction dissenter (Risk Manager, 0.80) tempers my confidence in the stock's upside potential."
87,2026-05-11 20:25:26.351646+00,DAIC,CID Holdco Affirms FY2026 Sales Guidance of $6.000M-$7.500M.,-13.64,BULLISH,0.63,NEUTRAL,0.4,BEARISH,0.8,-0.17,HOLD,HOLD,-0.23,0.51,False,False,Portfolio Manager chose HOLD.,Minor concern,1,risk_manager_generic_macro_or_regulatory_risk,"The committee debate highlights a key tension between the potential for a short-term rebound driven by the reaffirmation of FY2026 sales guidance and concerns about the stock's low liquidity, high volatility, and uncertain market conditions. While the momentum trader sees a bullish catalyst, the risk manager's high-conviction bearish stance (0.80) and the value investor's neutral view with concerns about financial health and growth prospects weigh heavily on the overall sentiment."
88,2026-05-11 20:22:59.400167+00,ATYR,aTyr Pharma Announces Plans For New Phase 3 Trial Of Efzofitimod In Pulmonary Sarcoidosis Following Input From FDA Type C Meeting,0.5,BULLISH,0.8,NEUTRAL,0.6,BEARISH,0.7,0.1,HOLD,HOLD,0.23,0.63,False,False,Portfolio Manager chose HOLD.,Minor concern,1,risk_manager_generic_macro_or_regulatory_risk,"The committee debate highlights a key tension between the potential for a positive clinical trial outcome and the associated risks, including regulatory uncertainty and financial implications. While the Momentum Trader is bullish with a conviction score of 0.80, the Risk Manager's bearish stance with a conviction score of 0.70 and the Value Investor's neutral view with a conviction score of 0.60 suggest that the situation is not without challenges. Weighing these perspectives, I conclude that the news is a net positive but with significant uncertainty."
89,2026-05-11 20:22:48.436821+00,EIKN,Eikon Therapeutics Q1 EPS $(2.46) Beats $(4.07) Estimate,0.61,BULLISH,0.8,NEUTRAL,0.4,BEARISH,0.7,0.1,HOLD,HOLD,0.1,0.57,False,False,Portfolio Manager chose HOLD.,Minor concern,1,risk_manager_generic_macro_or_regulatory_risk,"The committee debate highlights a key tension between the potential for bullish momentum following EIKN's Q1 EPS beat and concerns over the company's profitability, competitive moat, and looming regulatory risks. While the Momentum Trader is bullish with a conviction of 0.80, the Risk Manager's bearish view with a conviction of 0.70 and the Value Investor's neutral stance with a conviction of 0.40 suggest that the stock's future is uncertain. Given the mixed views and moderate conviction scores, a cautious approach is warranted."
90,2026-05-11 20:22:36.731906+00,PACS,"PACS Group Q1 EPS $0.50 Beats $0.42 Estimate, Sales $1.420B Beat $1.363B Estimate",-5.09,BULLISH,0.8,BULLISH,0.9,BEARISH,0.6,1.1,BUY,BUY,0.53,0.74,False,False,Directional sentiment did not clear the configured threshold.,Review,4,pm_directional_but_risk_gate_blocked; value_analyst_used_technical_or_unsourced_market_claims; risk_manager_generic_macro_or_regulatory_risk,"The committee debate on PACS Group's Q1 earnings beat reveals a tension between the bullish views on strong fundamentals and the bearish perspective on potential regulatory risks. While two analysts are bullish with high conviction scores of 0.80 and 0.90, a third analyst is bearish with a conviction score of 0.60, citing regulatory scrutiny as a potential risk. The high-conviction dissenter does not significantly lower my confidence due to the relatively lower conviction score compared to the bullish analysts. However, the bearish perspective introduces a cautionary note that needs consideration."
91,2026-05-11 20:22:25.395658+00,SMC,"Summit Midstream Q1 EPS $(0.43) Beats $(0.49) Estimate, Sales $139.142M Miss $139.877M Estimate",1.11,BULLISH,0.8,NEUTRAL,0.6,BEARISH,0.7,0.1,HOLD,HOLD,0.23,0.63,False,False,Portfolio Manager chose HOLD.,Minor concern,1,risk_manager_generic_macro_or_regulatory_risk,"The committee debate highlights a key tension between short-term momentum and long-term fundamental concerns. While the momentum trader sees a short-term boost from the EPS beat, the value investor and risk manager express caution due to mixed fundamentals and potential risks. The high-conviction dissenter, MOMENTUM TRADER (0.80), suggests a bullish outlook, but is counterbalanced by the Risk Manager's bearish view (0.70) and the Value Investor's neutral stance (0.60)."
92,2026-05-11 20:22:13.619482+00,CINT,CI&T Raises FY2026 Sales Guidance from $548.000M-$568.000M to $555.800M-$575.300M vs $561.409M Est,3.49,BULLISH,0.9,NEUTRAL,0.6,BEARISH,0.8,0.1,HOLD,HOLD,0.23,0.58,False,False,Portfolio Manager chose HOLD.,Looks coherent,0,,"The committee debate on CI&T's raised FY2026 sales guidance reveals a key tension between growth momentum and potential risks. While the momentum trader and value investor see positive implications, the risk manager highlights significant currency and economic risks. The high-conviction dissenter (Risk Manager, 0.80) tempers my confidence in a bullish stance."
93,2026-05-11 20:22:02.980494+00,CINT,CI&T Q2  Revenue expected to be more than $140.000M vs $138.317M Est,3.49,BULLISH,0.8,BULLISH,0.6,BEARISH,0.7,0.7,BUY,HOLD,0.23,0.58,False,False,Portfolio Manager chose HOLD.,Minor concern,1,risk_manager_generic_macro_or_regulatory_risk,"The committee debate on CINT's Q2 revenue guidance reveals a tension between the bullish views on momentum and value, and the bearish perspective on risk. While the momentum trader and value investor see the revenue guidance as a positive catalyst, the risk manager raises concerns about potential FX headwinds and macroeconomic uncertainty. Given the conviction scores, the bullish views are counterbalanced by the bearish perspective, leading to a cautious approach."
94,2026-05-11 20:21:51.514147+00,PSIX,"Power Solutions Intl Q1 Adj. EPS $0.36 Misses $0.74 Estimate, Sales $128.592M Miss $160.800M Estimate",-17.92,BEARISH,0.9,BEARISH,0.85,NEUTRAL,0.8,-1.75,SELL,SELL,-0.88,0.87,False,False,Confidence did not clear the configured threshold.,Review,3,pm_directional_but_risk_gate_blocked; risk_manager_generic_macro_or_regulatory_risk,"The committee debate highlights a consensus on the bearish outlook for PSIX following the significant Q1 earnings and revenue misses. The key tension lies in the degree of downside risk, with the Momentum Trader and Value Investor advocating for a sustained downtrend, while the Risk Manager cautions about potential liquidity-driven overshoot. The high conviction scores of all three analysts, particularly the Risk Manager's neutral stance with a high conviction of 0.80, suggest that while there is agreement on the negative outlook, there is a nuanced view on the potential extent and nature of the downside."
95,2026-05-11 20:21:42.795471+00,CINT,"CI&T Q1 Adj. EPS $0.08 Misses $0.09 Estimate, Sales $136.608M Beat $134.678M Estimate",3.49,BEARISH,0.8,NEUTRAL,0.6,BEARISH,0.9,-1.7,SELL,HOLD,-0.2,0.64,False,False,Portfolio Manager chose HOLD.,Minor concern,2,pm_action_differs_from_weighted_committee_SELL,"The committee debate highlights a key tension between the short-term focus on EPS and the long-term growth prospects of CINT. While the momentum trader and risk manager express bearish views with high conviction scores (0.80 and 0.90, respectively), the value investor's neutral stance with a lower conviction score (0.60) suggests a more nuanced view. The EPS miss and potential risks to operational expenses weigh on the stock, but the sales beat and long-term growth prospects provide a counterbalance."
96,2026-05-11 20:21:31.008464+00,CLSK,"Cleanspark Q2 EPS $(1.52) Misses $(0.50) Estimate, Sales $136.408M Miss $145.351M Estimate",0.6,BEARISH,0.8,NEUTRAL,0.4,BEARISH,0.9,-1.7,SELL,SELL,-0.7,0.64,False,False,Directional sentiment did not clear the configured threshold.,Review,4,pm_directional_but_risk_gate_blocked; value_analyst_used_technical_or_unsourced_market_claims; risk_manager_generic_macro_or_regulatory_risk,"The committee debate highlights a key tension between the immediate negative impact of the earnings miss and the potential long-term prospects of CLSK. While the momentum trader and risk manager express bearish views with high conviction scores of 0.80 and 0.90, respectively, the value investor takes a more neutral stance with a lower conviction score of 0.40. The high-conviction dissenter, risk manager, meaningfully lowers confidence in a bullish outlook."
97,2026-05-11 20:21:19.048364+00,MAPS,"WM Tech Q1 EPS $0.01 Misses $0.03 Estimate, Sales $43.558M Beat $42.111M Estimate",-11.53,NEUTRAL,0.8,NEUTRAL,0.9,BEARISH,0.7,-0.7,HOLD,HOLD,-0.1,0.65,False,False,Portfolio Manager chose HOLD.,Looks coherent,0,,"The committee debate highlights the tension between the direct impact of WM Tech's earnings report on MAPS and the potential market-wide implications. While two analysts argue that the report has no direct impact on MAPS, the Risk Manager raises a valid concern about a potential market-wide risk-off event. Given the mixed results and today's -11.53% price drop, I lean towards caution."
98,2026-05-11 20:21:07.478842+00,HLIO,Helios Technologies Raises FY2026 Adj EPS Guidance from $2.60-$2.90 to $2.75-$3.00 vs $2.63 Est; Raises FY2026 Sales Guidance from $820.000M-$860.000M to $840.000M-$870.000M vs $849.418M Est,-0.34,BULLISH,0.8,BULLISH,0.6,BEARISH,0.4,1.0,BUY,HOLD,0.33,0.59,False,False,Portfolio Manager chose HOLD.,Minor concern,1,risk_manager_generic_macro_or_regulatory_risk,"The committee debate on HLIO reveals a split view, with the momentum trader and value investor turning bullish on the back of increased FY2026 guidance, while the risk manager flags potential vulnerabilities. The key tension lies in balancing growth prospects against risk factors. With a high-conviction bullish momentum trader (0.80) and a lower-conviction bearish risk manager (0.40), the value investor's moderate stance (0.60) suggests a cautiously optimistic approach."
99,2026-05-11 20:20:55.97453+00,SRFM,Surf Air Mobility Affirms FY2026 Sales Guidance of $128.000M-$138.000M vs $130.926M Est,2.6,BULLISH,0.8,NEUTRAL,0.6,BEARISH,0.7,0.1,HOLD,HOLD,0.23,0.63,False,False,Portfolio Manager chose HOLD.,Minor concern,1,risk_manager_generic_macro_or_regulatory_risk,"The committee debate reveals a mixed outlook on SRFM's affirmed FY2026 sales guidance. While the Momentum Trader views the guidance affirmation as a positive sign, the Value Investor remains neutral due to concerns about earnings quality and competitive moat strength. The Risk Manager expresses bearish concerns about the impact of rising interest rates on SRFM's growth prospects. The key tension lies in balancing the stable growth outlook against potential risks. Given the split debate and moderate conviction scores, a cautious approach is warranted."
100,2026-05-11 20:20:45.227289+00,PRSO,"Peraso Q1 Adj. EPS $(0.22) Misses $(0.18) Estimate, Sales $963.000K Miss $975.000K Estimate",38.5,BEARISH,0.8,BEARISH,0.9,NEUTRAL,0.7,-1.7,SELL,HOLD,-0.4,0.56,False,False,Portfolio Manager chose HOLD.,Review,3,pm_action_differs_from_weighted_committee_SELL; value_analyst_used_technical_or_unsourced_market_claims,"The committee debate highlights a key tension between the momentum-driven price action and the fundamental earnings miss. While the momentum trader and value investor express bearish views with high conviction scores of 0.80 and 0.90, respectively, the risk manager presents a more nuanced view with a neutral stance and a conviction score of 0.70. The high-conviction dissenters meaningfully lower my confidence in a bullish stance, leading to a cautious approach."
